id,name,phase,x,y,trl,impact,strategicFit,barriers,sustainability,category,notes,source
1,Agentic AI,Innovation Trigger,8,85,3,10,9,8,3,"AI & Automation","Autonomous AI systems capable of setting goals, planning, and taking action with minimal human oversight. Moving beyond chatbots to true agency.","Industry analysis 2024-2025"
2,Generative AI & Multimodal Models,Peak of Inflated Expectations,35,14,8,10,9,6,4,"AI & Automation","AI systems processing text, images, video, and audio simultaneously. Already deployed widely but expectations remain inflated.","Gartner 2024, industry adoption data"
3,AI-Augmented Software Engineering,Peak of Inflated Expectations,40,15,8,9,8,5,2,"Developer Tools","AI coding assistants and autonomous development tools. Rapid adoption but productivity claims being scrutinized.","Developer surveys Q3 2024"
4,AI Safety & Governance Platforms,Innovation Trigger,8,75,4,9,7,7,1,"Trust & Security","Tools for monitoring, auditing, and ensuring safe AI deployment. Critical but nascent infrastructure.","AI safety research 2024"
5,Multi-Agent Systems,Innovation Trigger,10,83,4,9,9,8,3,"AI & Automation","Multiple AI agents collaborating to solve complex problems. Early frameworks emerging but coordination remains challenging.","Academic research 2024"
6,Humanoid Robots,Innovation Trigger,7,90,5,9,10,9,5,Robotics,"General-purpose robots with human-like form factor. High visibility from Tesla, Figure, etc. but practical deployment years away.","Robotics industry reports 2024"
7,Swarm Robotics,Innovation Trigger,10,70,4,8,9,8,2,Robotics,"Coordinated groups of simple robots for agriculture, logistics, and disaster response. Promising but coordination protocols immature.","Academic research 2023-2024"
8,Edge AI & Federated Learning,Trough of Disillusionment,45,25,7,8,9,7,2,Computing,"Processing AI at the edge with privacy-preserving training. Initial hype fading but real use cases in IoT and mobile emerging.","IoT analytics 2024"
9,Quantum Computing,Trough of Disillusionment,50,33,4,10,6,10,4,"Quantum Tech","Practical quantum advantage remains elusive despite major investments. Error correction is the key bottleneck.","Quantum computing benchmarks 2024"
10,Post-Quantum Cryptography,Slope of Enlightenment,65,55,8,9,8,6,1,"Trust & Security","NIST standards published 2024. Organizations beginning systematic migration to quantum-resistant algorithms.","NIST PQC standards 2024"
11,Structural Battery Composites,Innovation Trigger,10,77,3,8,7,8,2,"Energy & Materials","Battery technology integrated into structural components for vehicles and devices. Promising for EVs but manufacturing challenges remain.","Materials science research 2024"
12,Green Nitrogen Fixation,Innovation Trigger,8,72,3,9,5,9,1,"Climate Tech","Electrochemical and biological alternatives to Haber-Bosch process. Could revolutionize fertilizer production with massive emissions reduction.","Agricultural technology research 2024"
13,Next-Gen Nuclear (SMRs),Trough of Disillusionment,48,38,6,9,7,9,2,"Energy & Materials","Small Modular Reactors facing regulatory and cost challenges. Several projects delayed but tech giants renewing interest for data centers.","Nuclear energy reports 2024"
14,Carbon Capture & Utilization,Trough of Disillusionment,52,42,7,8,6,8,1,"Climate Tech","Direct air capture costs declining but still far from economic viability at scale. Utilization pathways emerging.","Climate technology analysis 2024"
15,Engineered Living Therapeutics,Innovation Trigger,10,82,4,9,4,9,3,Healthcare,"Programmable bacteria and cells as therapies. Early clinical trials showing promise but regulatory pathway uncertain.","Biotech research 2024"
16,RNA & Epigenetic Therapies,Slope of Enlightenment,60,58,8,10,4,7,2,Healthcare,"mRNA vaccines proved concept; now expanding to cancer and rare diseases. Epigenetic editing showing early promise.","Pharmaceutical pipeline data 2024"
17,Bio-Digital Interfaces,Innovation Trigger,12,85,5,9,8,9,3,BioTech,"Brain-computer interfaces from Neuralink, Synchron showing progress. Medical applications advancing faster than consumer.","Neurotechnology research 2024"
18,Synthetic Biology Platforms,Slope of Enlightenment,58,52,8,9,6,7,2,Healthcare,"CRISPR and gene synthesis tools becoming standardized. Commercial applications in materials, food, and medicine scaling.","Synthetic biology market analysis 2024"
19,6G Networks,Innovation Trigger,11,65,2,8,9,8,4,Connectivity,"Standards work beginning for 2030 deployment. Promises terahertz spectrum and integrated sensing but 5G still rolling out.","Telecom standards bodies 2024"
20,Satellite Internet Constellations,Slope of Enlightenment,62,58,9,8,7,6,5,"Space Tech","Starlink profitable, competitors launching. Coverage expanding but space debris concerns growing and economics challenging for competitors.","Space industry analysis 2024"
21,Collaborative Sensing Networks,Innovation Trigger,12,60,5,7,10,7,2,"IoT & Sensors","Distributed IoT sensors for environmental monitoring, traffic, infrastructure. Data integration and privacy challenges.","IoT market research 2024"
22,Digital Twin of the Customer,Peak of Inflated Expectations,28,13,6,8,8,7,3,"Experience Tech","AI-powered customer behavior modeling. Marketing hype strong but privacy concerns and actual predictive value being questioned.","Marketing technology trends 2024"
23,Superapps,Plateau of Productivity,75,55,9,8,7,5,3,"Experience Tech","WeChat model proven in Asia. Western attempts (Twitter/X) struggling but concept validated in specific markets and contexts.","Digital platform analysis 2024"
24,Machine Customers,Innovation Trigger,10,70,4,9,8,8,3,"AI & Automation","AI agents making autonomous purchasing decisions. Early examples in B2B procurement and smart home replenishment.","Gartner emerging tech 2024"
25,AI-Driven Cyber Defense,Slope of Enlightenment,55,50,8,9,9,6,2,"Trust & Security","AI for threat detection maturing rapidly. Autonomous response systems emerging but human oversight still critical.","Cybersecurity industry reports 2024"
26,Quantum-Safe Networking,Innovation Trigger,14,50,5,9,8,8,1,"Quantum Tech","Network infrastructure implementing PQC and quantum key distribution. Standards emerging but deployment complexity high.","Network security research 2024"
27,Decentralized Digital Identity (DID),Trough of Disillusionment,48,30,6,8,7,8,1,"Trust & Security","W3C standards exist but adoption slow. User experience and governance challenges. Some government pilots showing promise.","Digital identity standards 2024"
28,Green IT & Sustainable Data Centers,Slope of Enlightenment,68,57,8,8,8,6,1,Sustainability,"Liquid cooling, renewable energy, and waste heat recovery becoming standard. AI workloads driving new efficiency imperatives.","Data center industry reports 2024"
29,Circular Electronics Manufacturing,Slope of Enlightenment,63,56,7,8,6,7,1,Sustainability,"Design for disassembly and materials recovery gaining traction. EU regulations accelerating adoption. Economics improving.","Circular economy research 2024"
30,AI for Climate Resilience,Innovation Trigger,12,75,5,9,9,7,1,"Climate Tech","AI models for climate prediction, adaptation planning, and resource optimization. Early deployments in agriculture and urban planning.","Climate technology analysis 2024"